Country,Location,Warehouse,name
Belgium,Antwerp,4STOX,4STOX NV
Belgium,Antwerp,HAVEN,Access World Vlissingen BV
Belgium,Antwerp,CSTNV,C. Steinweg Belgium N.V.
Belgium,Antwerp,CPEU,CWT Commodities Metals BV
Belgium,Antwerp,ERUSUK,Erus Metals Ltd
Belgium,Antwerp,OCEAN,Henry Bath BV
Belgium,Antwerp,PGSPAC,P Global Services NV
Belgium,Antwerp,BVANT,Vollers Group GmbH
Belgium,Antwerp,ZUINV,Zuidnatie NV
Germany,Bremen,BLGGMB,BLG Cargo Logistics GmbH
Germany,Hamburg,CSTEIN,C. Steinweg (Sud-West Terminal) GmbH & Co.
Germany,Hamburg,BEVGMB,Vollers Group GmbH
Italy,Genoa,BPASRL,Access World (Italy) S.r.l.
Italy,Genoa,GMTSRL,C. Steinweg - GMT S.r.l.
Italy,Leghorn,BPASRL,Access World (Italy) S.r.l.
Italy,Leghorn,GMTSRL,C. Steinweg - GMT S.r.l.
Italy,Leghorn,FLBART,F. lli Bartoli
Italy,Trieste,BPASRL,Access World (Italy) S.r.l.
Italy,Trieste,GMTSRL,C. Steinweg - GMT S.r.l.
Italy,Trieste,PGSPAC,P Global Services NV
Japan,Nagoya,MLCORP,Mitsubishi Logistics Corp.
Japan,Nagoya,SUMLTD,The Sumitomo Warehouse Co. Ltd
Japan,Yokohama,HOKKAI,Hokkai Mitsui Soko Co. Ltd
Japan,Yokohama,MLCORP,Mitsubishi Logistics Corp.
Japan,Yokohama,SUMLTD,The Sumitomo Warehouse Co. Ltd
Korea (South),Busan,PACSEM,Access World Logistics (Singapore) Pte. Ltd.
Korea (South),Busan,CSTPTE,C. Steinweg Warehousing (FE) Pte Ltd
Korea (South),Busan,CORHOO,CWT Commodities Logistics Pte. Ltd.
Korea (South),Busan,NESI,H&M Metal Warehousing (S) Pte. Ltd.
Korea (South),Busan,HBSING,Henry Bath Singapore Pte Ltd
Korea (South),Busan,ISTUK,ISTIM UK Ltd.
Korea (South),Busan,MITLTD,Metro International Trade Services (UK) Ltd
Korea (South),Busan,PGSPAC,P Global Services NV
Korea (South),Gwangyang,PACSEM,Access World Logistics (Singapore) Pte. Ltd.
Korea (South),Gwangyang,CSTPTE,C. Steinweg Warehousing (FE) Pte Ltd
Korea (South),Gwangyang,NESI,H&M Metal Warehousing (S) Pte. Ltd.
Korea (South),Gwangyang,HBSING,Henry Bath Singapore Pte Ltd
Korea (South),Gwangyang,ISTUK,ISTIM UK Ltd.
Korea (South),Gwangyang,PGSPAC,P Global Services NV
Korea (South),Incheon,PACSEM,Access World Logistics (Singapore) Pte. Ltd.
Korea (South),Incheon,CSTPTE,C. Steinweg Warehousing (FE) Pte Ltd
Korea (South),Incheon,NESI,H&M Metal Warehousing (S) Pte. Ltd.
Korea (South),Incheon,MITLTD,Metro International Trade Services (UK) Ltd
Korea (South),Incheon,PGSPAC,P Global Services NV
Malaysia,Johor,PACSEM,Access World Logistics (Singapore) Pte. Ltd.
Malaysia,Johor,CSTPTE,C. Steinweg Warehousing (FE) Pte Ltd
Malaysia,Johor,CORHOO,CWT Commodities Logistics Pte. Ltd.
Malaysia,Johor,NESI,H&M Metal Warehousing (S) Pte. Ltd.
Malaysia,Johor,HBSING,Henry Bath Singapore Pte Ltd
Malaysia,Johor,ISTUK,ISTIM UK Ltd.
Malaysia,Johor,PGSPAC,P Global Services NV
Malaysia,Port Klang,PACSEM,Access World Logistics (Singapore) Pte. Ltd.
Malaysia,Port Klang,ACEK,ACE (Asia) Pte. Ltd.
Malaysia,Port Klang,CSTPTE,C. Steinweg Warehousing (FE) Pte Ltd
Malaysia,Port Klang,EDGEUK,Edgemere Terminals Ltd
Malaysia,Port Klang,HBSING,Henry Bath Singapore Pte Ltd
Malaysia,Port Klang,ISTUK,ISTIM UK Ltd.
Malaysia,Port Klang,MITLTD,Metro International Trade Services (UK) Ltd
Malaysia,Port Klang,PGSPAC,P Global Services NV
Netherlands,Amsterdam,CPEU,CWT Commodities Metals BV
Netherlands,Moerdijk,ICLBV,Independent Commodities Logistics BV
Netherlands,Rotterdam,HAVEN,Access World Vlissingen BV
Netherlands,Rotterdam,CSTHAN,C. Steinweg-Handelsveem BV
Netherlands,Rotterdam,CPEU,CWT Commodities Metals BV
Netherlands,Rotterdam,OCEAN,Henry Bath BV
Netherlands,Rotterdam,ICLBV,Independent Commodities Logistics BV
Netherlands,Rotterdam,BTGUK,Kloosterboer Vlissingen B.V.
Netherlands,Rotterdam,MTRANS,Metaal Transport BV
Netherlands,Rotterdam,PGSPAC,P Global Services NV
Netherlands,Rotterdam,VHWROT,Vollers Group GmbH
Netherlands,Vlissingen,HAVEN,Access World Vlissingen BV
Netherlands,Vlissingen,ISTUK,ISTIM UK Ltd.
Netherlands,Vlissingen,BTGUK,Kloosterboer Vlissingen B.V.
Netherlands,Vlissingen,VERVLI,Verbrugge International B.V.
Singapore,Singapore,PACSEM,Access World Logistics (Singapore) Pte. Ltd.
Singapore,Singapore,CSTPTE,C. Steinweg Warehousing (FE) Pte Ltd
Singapore,Singapore,CORHOO,CWT Commodities Logistics Pte. Ltd.
Singapore,Singapore,MACNEL,GKE Metal Logistics Pte Ltd
Singapore,Singapore,NESI,H&M Metal Warehousing (S) Pte. Ltd.
Singapore,Singapore,HBSING,Henry Bath Singapore Pte Ltd
Singapore,Singapore,ISTSIN,ISTIM (Singapore) Pte Ltd
Spain,Barcelona,BARMET,Access World (Spain) S.A.U.
Spain,Barcelona,CSTHAN,C. Steinweg-Handelsveem BV
Spain,Barcelona,PGSPAC,P Global Services NV
Spain,Bilbao,BARMET,Access World (Spain) S.A.U.
Spain,Bilbao,CSTHAN,C. Steinweg-Handelsveem BV
Spain,Bilbao,HABI,Halley Metals Iberica SA
Spain,Bilbao,PGSPAC,P Global Services NV
Sweden,Helsingborg,ABSKAN,C. Steinweg (Scandinavia) AB
Taiwan,Kaohsiung,PACSEM,Access World Logistics (Singapore) Pte. Ltd.
Taiwan,Kaohsiung,ACEK,ACE (Asia) Pte. Ltd.
Taiwan,Kaohsiung,CSTPTE,C. Steinweg Warehousing (FE) Pte Ltd
Taiwan,Kaohsiung,NESI,H&M Metal Warehousing (S) Pte. Ltd.
Taiwan,Kaohsiung,HBSING,Henry Bath Singapore Pte Ltd
Taiwan,Kaohsiung,ICLBV,Independent Commodities Logistics BV
Taiwan,Kaohsiung,PGSPAC,P Global Services NV
UAE,Dubai,AWDUB,Access World Logistics LLC
UAE,Dubai,CSTHAN,C. Steinweg-Handelsveem BV
UAE,Dubai,CORHOO,CWT Commodities Logistics Pte. Ltd.
UK,Hull,ERUSUK,Erus Metals Ltd
UK,Hull,KEYLTD,Keystore Ltd
UK,Liverpool,HEBLIV,Henry Bath & Son Ltd
UK,Liverpool,DIAPER,Henry Diaper & Co. Ltd
UK,Liverpool,ISTUK,ISTIM UK Ltd.
USA,Baltimore,PACUSA,Access World (USA) LLC
USA,Baltimore,CSTINC,C. Steinweg (Baltimore) Inc.
USA,Baltimore,EDGEUS,Edgemere Metals USA LLC
USA,Baltimore,HEBINC,Henry Bath LLC
USA,Baltimore,PGSHOL,"PGS USA Holding, LLC"
USA,Baltimore,CAMTER,S. H. Bell Company
USA,Chicago,PACUSA,Access World (USA) LLC
USA,Chicago,HEBINC,Henry Bath LLC
USA,Chicago,MITINC,Metro International Trade Services LLC
USA,Chicago,PGSHOL,"PGS USA Holding, LLC"
USA,Detroit,PACUSA,Access World (USA) LLC
USA,Detroit,WHELAN,ISTIM Metals LLC
USA,Detroit,MITINC,Metro International Trade Services LLC
USA,Los Angeles,PACUSA,Access World (USA) LLC
USA,Mobile,MITINC,Metro International Trade Services LLC
USA,Mobile,PGSHOL,"PGS USA Holding, LLC"
USA,New Orleans,PACUSA,Access World (USA) LLC
USA,New Orleans,HEBINC,Henry Bath LLC
USA,New Orleans,WHELAN,ISTIM Metals LLC
USA,New Orleans,MITINC,Metro International Trade Services LLC
USA,New Orleans,PGSHOL,"PGS USA Holding, LLC"
USA,Owensboro,PACUSA,Access World (USA) LLC
USA,Owensboro,PGSHOL,"PGS USA Holding, LLC"
USA,Toledo,PGSHOL,"PGS USA Holding, LLC"
